-- Insert 20 Medicines
INSERT INTO Medicines (medicine_id, name, type, unit_price, stock_quantity, expiry_date) VALUES
(1, 'Paracetamol 500mg', 'Tablet', 2.50, 500, '2027-12-31'),
(2, 'Amoxicillin 250mg', 'Capsule', 8.00, 300, '2026-11-15'),
(3, 'Omeprazole 20mg', 'Tablet', 12.00, 200, '2026-08-20'),
(4, 'Metformin 500mg', 'Tablet', 5.50, 400, '2027-03-10'),
(5, 'Atorvastatin 10mg', 'Tablet', 15.00, 250, '2026-10-05'),
(6, 'Loratadine 10mg', 'Tablet', 6.00, 350, '2027-01-20'),
(7, 'Ibuprofen 400mg', 'Tablet', 3.00, 600, '2026-09-30'),
(8, 'Cetirizine 10mg', 'Syrup', 9.50, 180, '2026-12-12'),
(9, 'Azithromycin 500mg', 'Tablet', 20.00, 150, '2026-07-18'),
(10, 'Diazepam 5mg', 'Tablet', 10.00, 100, '2026-05-25'),
(11, 'Losartan 50mg', 'Tablet', 7.00, 300, '2027-02-28'),
(12, 'Salbutamol Inhaler', 'Inhaler', 45.00, 80, '2026-11-30'),
(13, 'Vitamin C 500mg', 'Tablet', 4.00, 700, '2027-06-15'),
(14, 'Furosemide 40mg', 'Tablet', 6.50, 220, '2026-10-10'),
(15, 'Levothyroxine 50mcg', 'Tablet', 11.00, 190, '2027-04-05'),
(16, 'Clindamycin 300mg', 'Capsule', 18.00, 120, '2026-08-08'),
(17, 'Montelukast 10mg', 'Tablet', 14.00, 260, '2027-01-10'),
(18, 'Pantoprazole 40mg', 'Tablet', 13.00, 280, '2026-12-20'),
(19, 'Doxycycline 100mg', 'Capsule', 16.00, 140, '2026-09-15'),
(20, 'Albuterol Syrup', 'Syrup', 22.00, 90, '2026-07-22');

-- Insert 10 Suppliers
INSERT INTO Suppliers (supplier_id, name, contact_number, city) VALUES
(1, 'MediPharm Ltd.', '9876543210', 'Mumbai'),
(2, 'HealthCare Distributors', '8765432109', 'Delhi'),
(3, 'Global Pharma Co.', '7654321098', 'Bangalore'),
(4, 'Sunrise Medicals', '6543210987', 'Hyderabad'),
(5, 'Aarogya Suppliers', '5432109876', 'Chennai'),
(6, 'Vitalis Pharma', '4321098765', 'Kolkata'),
(7, 'NovaMed Solutions', '3210987654', 'Pune'),
(8, 'CureWell Distributors', '2109876543', 'Ahmedabad'),
(9, 'PharmaLink India', '1098765432', 'Jaipur'),
(10, 'MediSource Co.', '0987654321', 'Lucknow');

-- Insert 40 Purchases (linking to medicines 1–20 and suppliers 1–10)
INSERT INTO Purchases (purchase_id, supplier_id, medicine_id, quantity, purchase_date, batch_number) VALUES
(1, 1, 1, 200, '2024-01-10', 'B001A'),
(2, 2, 2, 150, '2024-01-12', 'B002B'),
(3, 3, 3, 100, '2024-01-15', 'B003C'),
(4, 4, 4, 250, '2024-01-18', 'B004D'),
(5, 5, 5, 120, '2024-01-20', 'B005E'),
(6, 6, 6, 180, '2024-01-22', 'B006F'),
(7, 7, 7, 300, '2024-01-25', 'B007G'),
(8, 8, 8, 90, '2024-01-28', 'B008H'),
(9, 9, 9, 80, '2024-02-01', 'B009I'),
(10, 10, 10, 60, '2024-02-03', 'B010J'),
(11, 1, 11, 150, '2024-02-05', 'B011K'),
(12, 2, 12, 50, '2024-02-08', 'B012L'),
(13, 3, 13, 350, '2024-02-10', 'B013M'),
(14, 4, 14, 120, '2024-02-12', 'B014N'),
(15, 5, 15, 100, '2024-02-15', 'B015O'),
(16, 6, 16, 70, '2024-02-18', 'B016P'),
(17, 7, 17, 130, '2024-02-20', 'B017Q'),
(18, 8, 18, 140, '2024-02-22', 'B018R'),
(19, 9, 19, 80, '2024-02-25', 'B019S'),
(20, 10, 20, 60, '2024-02-28', 'B020T'),
(21, 1, 1, 100, '2024-03-05', 'B021U'),
(22, 2, 2, 100, '2024-03-07', 'B022V'),
(23, 3, 3, 80, '2024-03-10', 'B023W'),
(24, 4, 4, 150, '2024-03-12', 'B024X'),
(25, 5, 5, 90, '2024-03-15', 'B025Y'),
(26, 6, 6, 120, '2024-03-18', 'B026Z'),
(27, 7, 7, 200, '2024-03-20', 'B027AA'),
(28, 8, 8, 60, '2024-03-22', 'B028AB'),
(29, 9, 9, 50, '2024-03-25', 'B029AC'),
(30, 10, 10, 40, '2024-03-28', 'B030AD'),
(31, 1, 11, 100, '2024-04-01', 'B031AE'),
(32, 2, 12, 30, '2024-04-03', 'B032AF'),
(33, 3, 13, 200, '2024-04-05', 'B033AG'),
(34, 4, 14, 80, '2024-04-08', 'B034AH'),
(35, 5, 15, 70, '2024-04-10', 'B035AI'),
(36, 6, 16, 50, '2024-04-12', 'B036AJ'),
(37, 7, 17, 90, '2024-04-15', 'B037AK'),
(38, 8, 18, 100, '2024-04-18', 'B038AL'),
(39, 9, 19, 60, '2024-04-20', 'B039AM'),
(40, 10, 20, 40, '2024-04-22', 'B040AN');

-- Insert 40 Sales (linking to medicines 1–20; total 100 rows across all tables)
INSERT INTO Sales (sale_id, medicine_id, quantity, sale_date, total_price) VALUES
(1, 1, 10, '2024-01-15', 25.00),
(2, 2, 5, '2024-01-18', 40.00),
(3, 3, 8, '2024-01-20', 96.00),
(4, 4, 12, '2024-01-22', 66.00),
(5, 5, 6, '2024-01-25', 90.00),
(6, 6, 10, '2024-01-28', 60.00),
(7, 7, 15, '2024-02-01', 45.00),
(8, 8, 4, '2024-02-03', 38.00),
(9, 9, 3, '2024-02-05', 60.00),
(10, 10, 2, '2024-02-08', 20.00),
(11, 11, 7, '2024-02-10', 49.00),
(12, 12, 1, '2024-02-12', 45.00),
(13, 13, 20, '2024-02-15', 80.00),
(14, 14, 5, '2024-02-18', 32.50),
(15, 15, 4, '2024-02-20', 44.00),
(16, 16, 2, '2024-02-22', 36.00),
(17, 17, 6, '2024-02-25', 84.00),
(18, 18, 7, '2024-02-28', 91.00),
(19, 19, 3, '2024-03-01', 48.00),
(20, 20, 2, '2024-03-03', 44.00),
(21, 1, 12, '2024-03-05', 30.00),
(22, 2, 6, '2024-03-08', 48.00),
(23, 3, 5, '2024-03-10', 60.00),
(24, 4, 10, '2024-03-12', 55.00),
(25, 5, 4, '2024-03-15', 60.00),
(26, 6, 8, '2024-03-18', 48.00),
(27, 7, 20, '2024-03-20', 60.00),
(28, 8, 3, '2024-03-22', 28.50),
(29, 9, 2, '2024-03-25', 40.00),
(30, 10, 1, '2024-03-28', 10.00),
(31, 11, 5, '2024-04-01', 35.00),
(32, 12, 1, '2024-04-03', 45.00),
(33, 13, 15, '2024-04-05', 60.00),
(34, 14, 4, '2024-04-08', 26.00),
(35, 15, 3, '2024-04-10', 33.00),
(36, 16, 1, '2024-04-12', 18.00),
(37, 17, 4, '2024-04-15', 56.00),
(38, 18, 5, '2024-04-18', 65.00),
(39, 19, 2, '2024-04-20', 32.00),
(40, 20, 1, '2024-04-22', 22.00);